product_id,product_name,category,base_price
1,Sharable bifurcated algorithm,Home & Kitchen,322.69
2,User-centric even-keeled encryption,Home & Kitchen,298.16
3,Face-to-face client-driven support,Electronics,736.38
4,Customer-focused systematic support,Clothing,36.06
5,Quality-focused background parallelism,Home & Kitchen,194.51
6,Optimized 5thgeneration algorithm,Electronics,741.28
7,Cross-group didactic emulation,Books,42.54
8,Profit-focused real-time algorithm,Electronics,1165.4
9,Realigned dedicated structure,Books,56.93
10,Streamlined tangible moratorium,Clothing,39.55
11,Operative directional knowledge user,Electronics,760.1
12,Reverse-engineered even-keeled workforce,Clothing,85.84
13,Adaptive well-modulated workforce,Books,11.15
14,Diverse tangible interface,Home & Kitchen,252.5
15,Mandatory even-keeled collaboration,Clothing,21.3
16,Extended well-modulated Graphical User Interface,Books,28.32
17,Customer-focused background implementation,Clothing,27.23
18,Cross-platform heuristic hardware,Clothing,41.96
19,Robust empowering workforce,Home & Kitchen,393.63
20,Balanced upward-trending knowledgebase,Electronics,103.42
21,Public-key bottom-line implementation,Home & Kitchen,278.52
22,Configurable neutral frame,Electronics,124.81
23,Self-enabling regional hierarchy,Books,57.11
24,Re-engineered content-based strategy,Clothing,124.13
25,Cloned 6thgeneration protocol,Electronics,68.36
26,Focused zero administration frame,Clothing,107.37
27,Configurable discrete attitude,Home & Kitchen,279.64
28,Multi-tiered even-keeled knowledgebase,Books,34.76
29,Sharable high-level complexity,Home & Kitchen,85.88
30,Multi-layered heuristic database,Electronics,347.6
31,Synchronized encompassing standardization,Books,47.77
32,Synergized secondary archive,Clothing,85.21
33,Robust scalable concept,Clothing,91.64
34,Public-key upward-trending encryption,Electronics,1165.02
35,Diverse maximized implementation,Clothing,75.72
36,Future-proofed scalable solution,Clothing,135.8
37,Realigned directional software,Clothing,113.18
38,Inverse zero administration time-frame,Home & Kitchen,53.63
39,Centralized discrete alliance,Home & Kitchen,217.92
40,Intuitive impactful flexibility,Clothing,58.92
41,Cloned didactic open system,Books,47.37
42,Universal foreground data-warehouse,Home & Kitchen,334.92
43,Streamlined modular infrastructure,Clothing,145.31
44,Stand-alone logistical circuit,Books,37.13
45,Fundamental client-driven encryption,Electronics,390.71
46,User-friendly next generation monitoring,Electronics,135.73
47,Fundamental value-added paradigm,Home & Kitchen,180.89
48,Optimized optimal initiative,Electronics,278.52
49,Multi-lateral directional challenge,Books,10.7
50,Profound modular array,Home & Kitchen,288.61
51,Versatile actuating budgetary management,Home & Kitchen,320.27
52,Distributed responsive complexity,Home & Kitchen,48.14
53,Synergized interactive policy,Home & Kitchen,267.41
54,Cloned human-resource implementation,Books,53.16
55,Right-sized maximized moderator,Books,32.47
56,Function-based neutral access,Electronics,123.09
57,Synergized uniform budgetary management,Home & Kitchen,274.16
58,Synergized national system engine,Electronics,889.05
59,Future-proofed zero administration project,Books,23.74
60,Mandatory bifurcated frame,Home & Kitchen,199.44
61,Optional cohesive knowledgebase,Electronics,1167.47
62,Adaptive uniform success,Home & Kitchen,309.1
63,Fundamental motivating task-force,Clothing,46.86
64,Enhanced motivating benchmark,Clothing,81.66
65,Self-enabling exuding productivity,Electronics,867.26
66,Profit-focused real-time customer loyalty,Clothing,18.43
67,Distributed holistic task-force,Electronics,281.98
68,Diverse needs-based time-frame,Books,41.82
69,Progressive 24hour policy,Books,38.16
70,Inverse mobile adapter,Books,55.38
71,Customizable high-level workforce,Home & Kitchen,249.68
72,Integrated disintermediate approach,Home & Kitchen,307.11
73,Front-line non-volatile artificial intelligence,Books,57.14
74,Configurable upward-trending matrix,Home & Kitchen,130.11
75,Cloned well-modulated monitoring,Clothing,133.86
76,Visionary clear-thinking capacity,Clothing,124.1
77,Switchable methodical neural-net,Electronics,171.32
78,Down-sized empowering moderator,Books,50.18
79,Robust interactive data-warehouse,Books,30.83
80,Quality-focused web-enabled superstructure,Clothing,87.81
81,Team-oriented dedicated structure,Clothing,31.48
82,Integrated impactful secured line,Electronics,415.7
83,Streamlined holistic intranet,Electronics,362.95
84,Programmable local capability,Home & Kitchen,182.3
85,Fully-configurable directional architecture,Books,27.63
86,Mandatory 3rdgeneration parallelism,Home & Kitchen,22.64
87,Reactive discrete parallelism,Books,36.7
88,Face-to-face 24hour archive,Clothing,44.98
89,Triple-buffered responsive approach,Home & Kitchen,122.38
90,Focused asymmetric alliance,Books,57.15
91,Managed asynchronous migration,Clothing,44.53
92,Front-line even-keeled secured line,Books,45.15
93,Pre-emptive didactic moratorium,Electronics,124.63
94,De-engineered uniform orchestration,Clothing,144.93
95,Re-engineered methodical encryption,Clothing,109.0
96,Phased incremental core,Home & Kitchen,134.33
97,Cross-platform bandwidth-monitored protocol,Electronics,1197.4
98,Optional heuristic interface,Home & Kitchen,251.63
99,Open-source maximized superstructure,Clothing,70.49
100,Business-focused systematic projection,Home & Kitchen,125.89
